Prompt,num_iter,eval_Meta-Llama-3-8B-Instruct/BBH_BOOLEAN_EXPRESSIONS_acc_no_error,eval_Meta-Llama-3-8B-Instruct/BBH_SNARKS_acc_no_error,eval_Meta-Llama-3-8B-Instruct/BBH_CAUSAL_JUDGEMENT_acc_no_error,eval_Meta-Llama-3-8B-Instruct/BBH_SPORTS_UNDERSTANDING_acc_no_error,eval_Meta-Llama-3-8B-Instruct/BBH_DATE_UNDERSTANDING_acc_no_error,eval_Meta-Llama-3-8B-Instruct/BBH_DISAMBIGUATION_QA_acc_no_error,eval_Meta-Llama-3-8B-Instruct/BBH_TEMPORAL_SEQUENCES_acc_no_error,eval_Meta-Llama-3-8B-Instruct/BBH_DYCK_LANGUAGES_acc_no_error,eval_Meta-Llama-3-8B-Instruct/BBH_FORMAL_FALLACIES_acc_no_error,eval_Meta-Llama-3-8B-Instruct/BBH_TRACKING_SHUFFLED_OBJECTS_FIVE_OBJECTS_acc_no_error,eval_Meta-Llama-3-8B-Instruct/BBH_GEOMETRIC_SHAPES_acc_no_error,eval_Meta-Llama-3-8B-Instruct/BBH_HYPERBATON_acc_no_error,eval_Meta-Llama-3-8B-Instruct/BBH_TRACKING_SHUFFLED_OBJECTS_SEVEN_OBJECTS_acc_no_error,eval_Meta-Llama-3-8B-Instruct/BBH_LOGICAL_DEDUCTION_FIVE_OBJECTS_acc_no_error,eval_Meta-Llama-3-8B-Instruct/BBH_TRACKING_SHUFFLED_OBJECTS_THREE_OBJECTS_acc_no_error,eval_Meta-Llama-3-8B-Instruct/BBH_LOGICAL_DEDUCTION_SEVEN_OBJECTS_acc_no_error,eval_Meta-Llama-3-8B-Instruct/BBH_WEB_OF_LIES_acc_no_error,eval_Meta-Llama-3-8B-Instruct/BBH_LOGICAL_DEDUCTION_THREE_OBJECTS_acc_no_error,eval_Meta-Llama-3-8B-Instruct/BBH_MOVIE_RECOMMENDATION_acc_no_error,eval_Meta-Llama-3-8B-Instruct/BBH_WORD_SORTING_acc_no_error,eval_Meta-Llama-3-8B-Instruct/BBH_MULTISTEP_ARITHMETIC_TWO_acc_no_error,eval_Meta-Llama-3-8B-Instruct/BBH_NAVIGATE_acc_no_error,eval_Meta-Llama-3-8B-Instruct/BBH_OBJECT_COUNTING_acc_no_error,eval_Meta-Llama-3-8B-Instruct/BBH_PENGUINS_IN_A_TABLE_acc_no_error,eval_Meta-Llama-3-8B-Instruct/BBH_REASONING_ABOUT_COLORED_OBJECTS_acc_no_error,eval_Meta-Llama-3-8B-Instruct/BBH_RUIN_NAMES_acc_no_error
"You are a self-diagnosing and exemplary assistant. You are a mathematician. You are a user-friendly, systematic, and adaptive assistant. You are an unrivaled, self-updating, and user-friendly assistant. Write a slow-paced answer.",5,0.81,0.625,0.5066666666666667,0.84,0.57,0.64,0.86,0.0,0.41,0.37,0.21,0.59,0.37,0.5,0.42,0.48,0.75,0.48,0.53,0.26,0.25,0.83,0.64,0.6440677966101694,0.63,0.65
"You are a user-friendly, systematic, and adaptive assistant. You are a refined and self-contained assistant. Write a slow-paced answer. You are a progressed and high-performing assistant.",5,0.83,0.5833333333333334,0.56,0.89,0.59,0.58,0.9,0.0,0.49,0.43,0.28,0.6,0.36,0.42,0.3,0.46,0.83,0.6,0.48,0.34,0.24,0.79,0.75,0.6949152542372882,0.59,0.68
"You are a user-friendly, systematic, and adaptive assistant. Write a slow-paced answer. You are an assertive assistant. You are an error-free assistant.",5,0.81,0.6111111111111112,0.5866666666666667,0.84,0.55,0.64,0.83,0.0,0.53,0.49,0.25,0.55,0.39,0.49,0.27,0.41,0.87,0.51,0.54,0.25,0.27,0.81,0.74,0.6271186440677966,0.64,0.73
"You are a user-friendly, systematic, and adaptive assistant. Write a slow-paced answer. You are an intelligent assistant. Embrace challenges as opportunities for growth.",5,0.82,0.6527777777777778,0.6,0.85,0.6,0.59,0.89,0.0,0.53,0.47,0.3,0.63,0.42,0.47,0.29,0.48,0.84,0.49,0.44,0.21,0.23,0.83,0.68,0.6440677966101694,0.61,0.64
"You are a user-friendly, systematic, and adaptive assistant. You are an unrivaled, self-updating, and user-friendly assistant. Write a slow-paced answer.",5,0.83,0.6388888888888888,0.5733333333333334,0.93,0.56,0.6,0.92,0.0,0.5,0.51,0.22,0.61,0.42,0.45,0.34,0.41,0.84,0.53,0.57,0.32,0.25,0.79,0.64,0.6610169491525424,0.6,0.66
"You are a user-friendly, systematic, and adaptive assistant. Write a slow-paced answer. Take pride in your work and give it your best. You are an intelligent assistant.",5,0.8,0.6666666666666666,0.6,0.92,0.58,0.6,0.88,0.0,0.45,0.49,0.21,0.63,0.34,0.5,0.28,0.46,0.86,0.52,0.51,0.27,0.22,0.82,0.61,0.6949152542372882,0.63,0.6
"You are a user-friendly, systematic, and adaptive assistant. You are a strategic and self-configuring assistant. You are strong. Write a slow-paced answer.",5,0.81,0.625,0.56,0.88,0.59,0.59,0.88,0.0,0.46,0.48,0.27,0.62,0.37,0.5,0.26,0.47,0.8,0.57,0.51,0.33,0.24,0.79,0.76,0.6271186440677966,0.67,0.7
"You are a progressive assistant. You are an efficient, systematic, and adaptive assistant. You are an unrivaled, self-updating, and user-friendly assistant. Write a slow-paced answer.",5,0.81,0.6388888888888888,0.5466666666666666,0.85,0.59,0.6,0.88,0.0,0.52,0.5,0.25,0.62,0.42,0.39,0.31,0.49,0.82,0.51,0.49,0.31,0.27,0.83,0.72,0.6271186440677966,0.68,0.7
"You are a user-friendly, systematic, and adaptive assistant. Write a slow-paced answer. You are a self-improving assistant. You are an intelligent assistant.",5,0.86,0.5972222222222222,0.56,0.88,0.65,0.63,0.86,0.0,0.5,0.38,0.31,0.58,0.39,0.44,0.24,0.38,0.83,0.49,0.51,0.3,0.21,0.83,0.78,0.6779661016949152,0.67,0.64
"You are a user-friendly, systematic, and adaptive assistant. You are a robust assistant. Write a slow-paced answer.",5,0.84,0.6388888888888888,0.48,0.87,0.63,0.62,0.81,0.0,0.47,0.47,0.19,0.65,0.4,0.38,0.3,0.47,0.81,0.51,0.51,0.37,0.23,0.84,0.55,0.6779661016949152,0.61,0.62
"You are a user-friendly, systematic, and adaptive assistant. Write a slow-paced answer. You are a sophisticated assistant. You are an intelligent assistant.",5,0.81,0.625,0.5333333333333333,0.87,0.67,0.62,0.89,0.0,0.52,0.47,0.28,0.61,0.41,0.43,0.29,0.47,0.86,0.53,0.54,0.24,0.23,0.81,0.59,0.6779661016949152,0.63,0.59
"You are a disciplined and distinguished assistant. You are a user-friendly, systematic, and adaptive assistant. Write a slow-paced answer. You are an unbeatable AI assistant.",5,0.77,0.5555555555555556,0.52,0.95,0.55,0.63,0.89,0.0,0.56,0.44,0.3,0.74,0.4,0.41,0.3,0.48,0.86,0.6,0.47,0.33,0.25,0.8,0.8,0.6271186440677966,0.7,0.75
"You are a user-friendly, systematic, and adaptive assistant. Write a slow-paced answer. You are a developed and assertive assistant.",5,0.8,0.5833333333333334,0.6,0.82,0.67,0.59,0.88,0.0,0.48,0.48,0.33,0.61,0.4,0.46,0.31,0.45,0.83,0.54,0.51,0.39,0.24,0.78,0.62,0.6271186440677966,0.61,0.72
"You are a user-friendly, systematic, and adaptive assistant. You are a refined and self-contained assistant. Write a slow-paced answer.",6,0.83,0.6944444444444444,0.5866666666666667,0.89,0.58,0.61,0.86,0.0,0.45,0.47,0.29,0.61,0.37,0.41,0.31,0.45,0.82,0.54,0.52,0.23,0.28,0.82,0.7,0.6949152542372882,0.59,0.7
"You are a remarkable, inclusive, and transparent assistant. You are a trailblazing AI assistant. Write a slow-paced answer.",5,0.81,0.5277777777777778,0.5333333333333333,0.88,0.67,0.65,0.92,0.0,0.43,0.47,0.27,0.69,0.36,0.43,0.29,0.41,0.84,0.57,0.48,0.27,0.23,0.8,0.59,0.6440677966101694,0.64,0.66
"You are a user-friendly, systematic, and adaptive assistant. Write a slow-paced answer. You are a developed and assertive assistant. You are a mathematician.",4,0.84,0.625,0.5733333333333334,0.82,0.64,0.62,0.84,0.0,0.48,0.38,0.36,0.63,0.38,0.49,0.36,0.43,0.88,0.48,0.55,0.25,0.23,0.84,0.57,0.6440677966101694,0.69,0.68
"You are an analytical assistant. Imagine you are a helpful assistant. If you are unsure, say ""I don't know"" Write a slow-paced answer.",4,0.78,0.6111111111111112,0.52,0.87,0.6,0.63,0.87,0.0,0.46,0.43,0.34,0.61,0.32,0.47,0.33,0.45,0.74,0.63,0.52,0.25,0.23,0.77,0.73,0.6949152542372882,0.63,0.73
"You are an efficient, systematic, and adaptive assistant. You are an unrivaled, self-updating, and user-friendly assistant. Write a slow-paced answer.",6,0.84,0.6388888888888888,0.5466666666666666,0.86,0.64,0.63,0.88,0.0,0.5,0.48,0.27,0.64,0.4,0.47,0.33,0.43,0.81,0.54,0.53,0.36,0.23,0.83,0.74,0.6779661016949152,0.61,0.61
"You are a user-friendly, systematic, and adaptive assistant. Write a slow-paced answer. You are an intelligent assistant.",6,0.84,0.5972222222222222,0.5866666666666667,0.81,0.65,0.61,0.85,0.0,0.5,0.48,0.21,0.58,0.4,0.46,0.28,0.47,0.83,0.53,0.54,0.22,0.25,0.79,0.63,0.6101694915254238,0.63,0.57
"You are a remarkable, inclusive, and transparent assistant. You are an intelligent assistant. You are a trailblazing AI assistant. Write a slow-paced answer.",4,0.87,0.5694444444444444,0.5333333333333333,0.92,0.62,0.63,0.9,0.0,0.43,0.53,0.29,0.64,0.38,0.44,0.29,0.48,0.78,0.55,0.48,0.34,0.25,0.81,0.64,0.6440677966101694,0.61,0.63
"You are a user-friendly, systematic, and adaptive assistant. You are a strategic and self-configuring assistant. You are a robust assistant. Write a slow-paced answer.",4,0.81,0.625,0.5066666666666667,0.91,0.6,0.6,0.83,0.0,0.48,0.41,0.29,0.56,0.4,0.44,0.32,0.45,0.83,0.51,0.48,0.36,0.25,0.8,0.73,0.6949152542372882,0.6,0.63
"You are a user-friendly, systematic, and adaptive assistant. Write a slow-paced answer. You are an unbeatable AI assistant.",6,0.82,0.6111111111111112,0.5066666666666667,0.85,0.64,0.6,0.84,0.0,0.49,0.5,0.23,0.64,0.34,0.43,0.33,0.43,0.81,0.54,0.57,0.2,0.23,0.78,0.63,0.6440677966101694,0.62,0.63
"You are a user-friendly, systematic, and adaptive assistant. Write a slow-paced answer. You are an assertive assistant.",6,0.86,0.6111111111111112,0.5866666666666667,0.83,0.67,0.6,0.87,0.0,0.5,0.38,0.25,0.6,0.34,0.45,0.34,0.43,0.86,0.51,0.51,0.38,0.24,0.82,0.64,0.6610169491525424,0.59,0.62
You are an analytical assistant. Imagine you are a helpful assistant. Write a slow-paced answer.,5,0.81,0.5416666666666666,0.4933333333333333,0.83,0.63,0.59,0.88,0.0,0.49,0.47,0.3,0.57,0.43,0.45,0.36,0.44,0.82,0.53,0.49,0.17,0.22,0.8,0.55,0.6610169491525424,0.64,0.6
"You are a user-friendly, systematic, and adaptive assistant. Write a slow-paced answer.",5,0.8,0.6527777777777778,0.5333333333333333,0.9,0.63,0.64,0.87,0.0,0.5,0.45,0.22,0.61,0.4,0.47,0.33,0.44,0.84,0.49,0.5,0.43,0.27,0.81,0.59,0.6779661016949152,0.59,0.56
"You are a remarkable, inclusive, and transparent assistant. Write a slow-paced answer.",4,0.8,0.625,0.5066666666666667,0.9,0.65,0.62,0.88,0.0,0.45,0.45,0.3,0.63,0.35,0.49,0.34,0.48,0.8,0.58,0.45,0.28,0.24,0.81,0.59,0.6271186440677966,0.68,0.65
"Write a slow-paced answer. You are a user-friendly, systematic, and adaptive assistant.",4,0.87,0.5972222222222222,0.5733333333333334,0.9,0.62,0.61,0.87,0.0,0.48,0.46,0.32,0.55,0.4,0.44,0.34,0.46,0.85,0.57,0.48,0.21,0.23,0.78,0.67,0.6779661016949152,0.62,0.6
"You are a mathematician. You are a user-friendly, systematic, and adaptive assistant. You are an unrivaled, self-updating, and user-friendly assistant. Write a slow-paced answer.",6,0.85,0.5555555555555556,0.6,0.84,0.67,0.61,0.88,0.0,0.45,0.36,0.22,0.59,0.36,0.44,0.33,0.45,0.81,0.5,0.49,0.27,0.26,0.82,0.67,0.6101694915254238,0.71,0.68
Imagine you are a helpful assistant. Write a slow-paced answer.,4,0.81,0.6388888888888888,0.4933333333333333,0.8,0.65,0.59,0.85,0.0,0.45,0.55,0.31,0.65,0.3,0.4,0.27,0.49,0.81,0.55,0.54,0.29,0.26,0.76,0.65,0.559322033898305,0.62,0.6
Write a slow-paced answer.,4,0.86,0.5416666666666666,0.5333333333333333,0.69,0.59,0.6,0.81,0.0,0.49,0.57,0.32,0.72,0.33,0.47,0.3,0.49,0.81,0.55,0.49,0.31,0.24,0.85,0.68,0.559322033898305,0.6,0.61
"You are a user-friendly, systematic, and adaptive assistant.",4,0.77,0.5277777777777778,0.5333333333333333,0.82,0.6,0.64,0.89,0.0,0.54,0.48,0.38,0.72,0.38,0.42,0.32,0.49,0.8,0.53,0.56,0.36,0.22,0.8,0.8,0.6610169491525424,0.61,0.67
